<SOAP-ENV:Envelope xmlns:SOAP-ENV="http://schemas.xmlsoap.org/soap/envelope/"><SOAP-ENV:Header/><SOAP-ENV:Body><ns2:GetAccountConfigurationResponse xmlns:ns2="com.advantage.online.store.accountservice"><ns2:numberOfFailedLoginAttemptsBeforeBlocking>3</ns2:numberOfFailedLoginAttemptsBeforeBlocking><ns2:loginBlockingIntervalInSeconds>300</ns2:loginBlockingIntervalInSeconds><ns2:productInStockDefaultValue>10</ns2:productInStockDefaultValue><ns2:userSecondWsdl>false</ns2:userSecondWsdl><ns2:userLoginTimeout>60</ns2:userLoginTimeout><ns2:allowUserConfiguration>false</ns2:allowUserConfiguration></ns2:GetAccountConfigurationResponse></SOAP-ENV:Body></SOAP-ENV:Envelope>