{"FilterHeaders":[{"Header":"","IncludeInScript":false}],"FilterResources":[{"IsNonResource":true,"type":"text/xml"},{"IsNonResource":false,"type":"image/gif"},{"IsNonResource":true,"type":"text/html"},{"IsNonResource":false,"type":"application/javascript"},{"IsNonResource":false,"type":"font/woff"},{"IsNonResource":false,"type":"image/png"},{"IsNonResource":false,"type":"image/jpeg"},{"IsNonResource":false,"type":"text/javascript"},{"IsNonResource":false,"type":"text/css"},{"IsNonResource":false,"type":"image/svg+xml"},{"IsNonResource":true,"type":"application/json"},{"IsNonResource":false,"type":"image/jpg"}],"GeneralInfo":{"BrowserVersion":"","IsWinInetMode":false,"MaxUsedConnections":0,"RecordedBrowser":"","RecordingDate":"Dec-31-2018","RecordingDuration":0,"RecordingMode":"N/A","RecordingTimeStamp":1546270696,"RecordingType":"Application","TotalBytesReceived":0,"TotalBytesSent":0,"TotalRequests":73,"UserAgent":"","ReadOnly":true},"HostInfo":[{"DomainName":"google-analytics.com","Domains":[{"HTTPVersion":"spdy","IP":"","IncludeInScript":false,"Name":"www.google-analytics.com","Port":443,"Requests":[{"URL":"https://www.google-analytics.com/analytics.js","CompressionType":"gzip","DataType":"text/javascript","DownloadTime":0,"EventId":0,"HttpStatus":200,"Size":17404},{"URL":"https://www.google-analytics.com/r/collect?v=1&_v=j72&a=989283748&t=pageview&_s=1&dl=http%3A%2F%2Fwww.advantageonlineshopping.com%2F&dp=%2F&ul=en-us&de=UTF-8&dt=%C2%A0Advantage%20Shopping&sd=24-bit&sr=1637x866&vp=321x526&je=0&_u=AACAAEAB~&jid=261618978&gjid=1012971763&cid=376319207.1546265887&tid=UA-81334227-1&_gid=1764162990.1546265887&_r=1&z=1293805828","CompressionType":"","DataType":"image/gif","DownloadTime":0,"EventId":0,"HttpStatus":200,"Size":35},{"URL":"https://www.google-analytics.com/collect?v=1&_v=j72&a=989283748&t=pageview&_s=2&dl=http%3A%2F%2Fwww.advantageonlineshopping.com%2F&dp=%2F&ul=en-us&de=UTF-8&dt=%C2%A0Advantage%20Shopping&sd=24-bit&sr=1637x866&vp=321x526&je=0&_u=CACAAEAB~&jid=&gjid=&cid=376319207.1546265887&tid=UA-81334227-1&_gid=1764162990.1546265887&z=1645225392","CompressionType":"","DataType":"image/gif","DownloadTime":0,"EventId":0,"HttpStatus":200,"Size":35},{"URL":"https://www.google-analytics.com/collect?v=1&_v=j72&a=989283748&t=pageview&_s=3&dl=http%3A%2F%2Fwww.advantageonlineshopping.com%2F&dp=%2Fcategory%2FHeadphones%2F2&ul=en-us&de=UTF-8&dt=%C2%A0Advantage%20Shopping&sd=24-bit&sr=1637x866&vp=321x526&je=0&_u=CACAAEAB~&jid=&gjid=&cid=376319207.1546265887&tid=UA-81334227-1&_gid=1764162990.1546265887&z=1037108656","CompressionType":"","DataType":"image/gif","DownloadTime":0,"EventId":0,"HttpStatus":200,"Size":35},{"URL":"https://www.google-analytics.com/collect?v=1&_v=j72&a=989283748&t=pageview&_s=4&dl=http%3A%2F%2Fwww.advantageonlineshopping.com%2F&dp=%2Fproduct%2F12&ul=en-us&de=UTF-8&dt=%C2%A0Advantage%20Shopping&sd=24-bit&sr=1637x866&vp=321x526&je=0&_u=CACAAEAB~&jid=&gjid=&cid=376319207.1546265887&tid=UA-81334227-1&_gid=1764162990.1546265887&z=817432475","CompressionType":"","DataType":"image/gif","DownloadTime":0,"EventId":0,"HttpStatus":200,"Size":35},{"URL":"https://www.google-analytics.com/analytics.js","CompressionType":"gzip","DataType":"text/javascript","DownloadTime":0,"EventId":0,"HttpStatus":200,"Size":17404},{"URL":"https://www.google-analytics.com/r/collect?v=1&_v=j72&a=989283748&t=pageview&_s=1&dl=http%3A%2F%2Fwww.advantageonlineshopping.com%2F&dp=%2F&ul=en-us&de=UTF-8&dt=%C2%A0Advantage%20Shopping&sd=24-bit&sr=1637x866&vp=321x526&je=0&_u=AACAAEAB~&jid=261618978&gjid=1012971763&cid=376319207.1546265887&tid=UA-81334227-1&_gid=1764162990.1546265887&_r=1&z=1293805828","CompressionType":"","DataType":"image/gif","DownloadTime":0,"EventId":0,"HttpStatus":200,"Size":35},{"URL":"https://www.google-analytics.com/collect?v=1&_v=j72&a=989283748&t=pageview&_s=2&dl=http%3A%2F%2Fwww.advantageonlineshopping.com%2F&dp=%2F&ul=en-us&de=UTF-8&dt=%C2%A0Advantage%20Shopping&sd=24-bit&sr=1637x866&vp=321x526&je=0&_u=CACAAEAB~&jid=&gjid=&cid=376319207.1546265887&tid=UA-81334227-1&_gid=1764162990.1546265887&z=1645225392","CompressionType":"","DataType":"image/gif","DownloadTime":0,"EventId":0,"HttpStatus":200,"Size":35},{"URL":"https://www.google-analytics.com/collect?v=1&_v=j72&a=989283748&t=pageview&_s=3&dl=http%3A%2F%2Fwww.advantageonlineshopping.com%2F&dp=%2Fcategory%2FHeadphones%2F2&ul=en-us&de=UTF-8&dt=%C2%A0Advantage%20Shopping&sd=24-bit&sr=1637x866&vp=321x526&je=0&_u=CACAAEAB~&jid=&gjid=&cid=376319207.1546265887&tid=UA-81334227-1&_gid=1764162990.1546265887&z=1037108656","CompressionType":"","DataType":"image/gif","DownloadTime":0,"EventId":0,"HttpStatus":200,"Size":35},{"URL":"https://www.google-analytics.com/collect?v=1&_v=j72&a=989283748&t=pageview&_s=4&dl=http%3A%2F%2Fwww.advantageonlineshopping.com%2F&dp=%2Fproduct%2F12&ul=en-us&de=UTF-8&dt=%C2%A0Advantage%20Shopping&sd=24-bit&sr=1637x866&vp=321x526&je=0&_u=CACAAEAB~&jid=&gjid=&cid=376319207.1546265887&tid=UA-81334227-1&_gid=1764162990.1546265887&z=817432475","CompressionType":"","DataType":"image/gif","DownloadTime":0,"EventId":0,"HttpStatus":200,"Size":35}],"SSLCipher":"N/A","SSLVersion":"N/A"},{"HTTPVersion":"http/1.1","IP":"","IncludeInScript":false,"Name":"www.google-analytics.com","Port":80,"Requests":[{"URL":"http://www.google-analytics.com/analytics.js","CompressionType":"","DataType":"","DownloadTime":0,"EventId":0,"HttpStatus":307,"Size":0},{"URL":"http://www.google-analytics.com/r/collect?v=1&_v=j72&a=989283748&t=pageview&_s=1&dl=http%3A%2F%2Fwww.advantageonlineshopping.com%2F&dp=%2F&ul=en-us&de=UTF-8&dt=%C2%A0Advantage%20Shopping&sd=24-bit&sr=1637x866&vp=321x526&je=0&_u=AACAAEAB~&jid=261618978&gjid=1012971763&cid=376319207.1546265887&tid=UA-81334227-1&_gid=1764162990.1546265887&_r=1&z=1293805828","CompressionType":"","DataType":"","DownloadTime":0,"EventId":0,"HttpStatus":307,"Size":0},{"URL":"http://www.google-analytics.com/collect?v=1&_v=j72&a=989283748&t=pageview&_s=2&dl=http%3A%2F%2Fwww.advantageonlineshopping.com%2F&dp=%2F&ul=en-us&de=UTF-8&dt=%C2%A0Advantage%20Shopping&sd=24-bit&sr=1637x866&vp=321x526&je=0&_u=CACAAEAB~&jid=&gjid=&cid=376319207.1546265887&tid=UA-81334227-1&_gid=1764162990.1546265887&z=1645225392","CompressionType":"","DataType":"","DownloadTime":0,"EventId":0,"HttpStatus":307,"Size":0},{"URL":"http://www.google-analytics.com/collect?v=1&_v=j72&a=989283748&t=pageview&_s=3&dl=http%3A%2F%2Fwww.advantageonlineshopping.com%2F&dp=%2Fcategory%2FHeadphones%2F2&ul=en-us&de=UTF-8&dt=%C2%A0Advantage%20Shopping&sd=24-bit&sr=1637x866&vp=321x526&je=0&_u=CACAAEAB~&jid=&gjid=&cid=376319207.1546265887&tid=UA-81334227-1&_gid=1764162990.1546265887&z=1037108656","CompressionType":"","DataType":"","DownloadTime":0,"EventId":0,"HttpStatus":307,"Size":0},{"URL":"http://www.google-analytics.com/collect?v=1&_v=j72&a=989283748&t=pageview&_s=4&dl=http%3A%2F%2Fwww.advantageonlineshopping.com%2F&dp=%2Fproduct%2F12&ul=en-us&de=UTF-8&dt=%C2%A0Advantage%20Shopping&sd=24-bit&sr=1637x866&vp=321x526&je=0&_u=CACAAEAB~&jid=&gjid=&cid=376319207.1546265887&tid=UA-81334227-1&_gid=1764162990.1546265887&z=817432475","CompressionType":"","DataType":"","DownloadTime":0,"EventId":0,"HttpStatus":307,"Size":0},{"URL":"http://www.google-analytics.com/analytics.js","CompressionType":"","DataType":"","DownloadTime":0,"EventId":0,"HttpStatus":307,"Size":0},{"URL":"http://www.google-analytics.com/r/collect?v=1&_v=j72&a=989283748&t=pageview&_s=1&dl=http%3A%2F%2Fwww.advantageonlineshopping.com%2F&dp=%2F&ul=en-us&de=UTF-8&dt=%C2%A0Advantage%20Shopping&sd=24-bit&sr=1637x866&vp=321x526&je=0&_u=AACAAEAB~&jid=261618978&gjid=1012971763&cid=376319207.1546265887&tid=UA-81334227-1&_gid=1764162990.1546265887&_r=1&z=1293805828","CompressionType":"","DataType":"","DownloadTime":0,"EventId":0,"HttpStatus":307,"Size":0},{"URL":"http://www.google-analytics.com/collect?v=1&_v=j72&a=989283748&t=pageview&_s=2&dl=http%3A%2F%2Fwww.advantageonlineshopping.com%2F&dp=%2F&ul=en-us&de=UTF-8&dt=%C2%A0Advantage%20Shopping&sd=24-bit&sr=1637x866&vp=321x526&je=0&_u=CACAAEAB~&jid=&gjid=&cid=376319207.1546265887&tid=UA-81334227-1&_gid=1764162990.1546265887&z=1645225392","CompressionType":"","DataType":"","DownloadTime":0,"EventId":0,"HttpStatus":307,"Size":0},{"URL":"http://www.google-analytics.com/collect?v=1&_v=j72&a=989283748&t=pageview&_s=3&dl=http%3A%2F%2Fwww.advantageonlineshopping.com%2F&dp=%2Fcategory%2FHeadphones%2F2&ul=en-us&de=UTF-8&dt=%C2%A0Advantage%20Shopping&sd=24-bit&sr=1637x866&vp=321x526&je=0&_u=CACAAEAB~&jid=&gjid=&cid=376319207.1546265887&tid=UA-81334227-1&_gid=1764162990.1546265887&z=1037108656","CompressionType":"","DataType":"","DownloadTime":0,"EventId":0,"HttpStatus":307,"Size":0},{"URL":"http://www.google-analytics.com/collect?v=1&_v=j72&a=989283748&t=pageview&_s=4&dl=http%3A%2F%2Fwww.advantageonlineshopping.com%2F&dp=%2Fproduct%2F12&ul=en-us&de=UTF-8&dt=%C2%A0Advantage%20Shopping&sd=24-bit&sr=1637x866&vp=321x526&je=0&_u=CACAAEAB~&jid=&gjid=&cid=376319207.1546265887&tid=UA-81334227-1&_gid=1764162990.1546265887&z=817432475","CompressionType":"","DataType":"","DownloadTime":0,"EventId":0,"HttpStatus":307,"Size":0}],"SSLCipher":"None","SSLVersion":"None"}],"IncludeInScript":true},{"DomainName":"advantageonlineshopping.com","Domains":[{"HTTPVersion":"HTTP/1.1","IP":"","IncludeInScript":true,"Name":"www.advantageonlineshopping.com","Port":80,"Requests":[{"URL":"http://www.advantageonlineshopping.com/","CompressionType":"gzip","DataType":"text/html","DownloadTime":0,"EventId":0,"HttpStatus":200,"Size":0},{"URL":"http://www.advantageonlineshopping.com/css/main.min.css","CompressionType":"gzip","DataType":"text/css","DownloadTime":0,"EventId":0,"HttpStatus":200,"Size":0},{"URL":"http://www.advantageonlineshopping.com/css/images/Down_arrow.svg","CompressionType":"","DataType":"image/svg+xml","DownloadTime":0,"EventId":0,"HttpStatus":200,"Size":795},{"URL":"http://www.advantageonlineshopping.com/vendor/requirejs/require.js","CompressionType":"gzip","DataType":"application/javascript","DownloadTime":0,"EventId":0,"HttpStatus":200,"Size":0},{"URL":"http://www.advantageonlineshopping.com/main.min.js","CompressionType":"gzip","DataType":"application/javascript","DownloadTime":0,"EventId":0,"HttpStatus":200,"Size":0},{"URL":"http://www.advantageonlineshopping.com/css/fonts/roboto_regular_macroman/Roboto-Regular-webfont.woff","CompressionType":"","DataType":"font/woff","DownloadTime":0,"EventId":0,"HttpStatus":200,"Size":25020},{"URL":"http://www.advantageonlineshopping.com/services.properties","CompressionType":"","DataType":"","DownloadTime":0,"EventId":0,"HttpStatus":200,"Size":1014},{"URL":"http://www.advantageonlineshopping.com/css/fonts/roboto_medium_macroman/Roboto-Medium-webfont.woff","CompressionType":"","DataType":"font/woff","DownloadTime":0,"EventId":0,"HttpStatus":200,"Size":25048},{"URL":"http://www.advantageonlineshopping.com/css/fonts/roboto_light_macroman/Roboto-Light-webfont.woff","CompressionType":"","DataType":"font/woff","DownloadTime":0,"EventId":0,"HttpStatus":200,"Size":24576},{"URL":"http://www.advantageonlineshopping.com/catalog/api/v1/categories/all_data","CompressionType":"gzip","DataType":"application/json","DownloadTime":0,"EventId":0,"HttpStatus":200,"Size":0},{"URL":"http://www.advantageonlineshopping.com/catalog/api/v1/DemoAppConfig/parameters/by_tool/ALL","CompressionType":"gzip","DataType":"application/json","DownloadTime":0,"EventId":0,"HttpStatus":200,"Size":0},{"URL":"http://www.advantageonlineshopping.com/catalog/api/v1/DemoAppConfig/parameters/by_tool/ALL","CompressionType":"gzip","DataType":"application/json","DownloadTime":0,"EventId":0,"HttpStatus":200,"Size":0},{"URL":"http://www.advantageonlineshopping.com/css/images/logo.png","CompressionType":"","DataType":"image/png","DownloadTime":0,"EventId":0,"HttpStatus":200,"Size":2645},{"URL":"http://www.advantageonlineshopping.com/css/images/closeDark.png","CompressionType":"","DataType":"image/png","DownloadTime":0,"EventId":0,"HttpStatus":200,"Size":1098},{"URL":"http://www.advantageonlineshopping.com/catalog/api/v1/categories","CompressionType":"gzip","DataType":"application/json","DownloadTime":0,"EventId":0,"HttpStatus":200,"Size":0},{"URL":"http://www.advantageonlineshopping.com/catalog/api/v1/deals/search?dealOfTheDay=true","CompressionType":"gzip","DataType":"application/json","DownloadTime":0,"EventId":0,"HttpStatus":200,"Size":0},{"URL":"http://www.advantageonlineshopping.com/css/images/arrow_right.png","CompressionType":"","DataType":"image/png","DownloadTime":0,"EventId":0,"HttpStatus":200,"Size":996},{"URL":"http://www.advantageonlineshopping.com/css/fonts/roboto_bold_macroman/Roboto-Bold-webfont.woff","CompressionType":"","DataType":"font/woff","DownloadTime":0,"EventId":0,"HttpStatus":200,"Size":24808},{"URL":"http://www.advantageonlineshopping.com/catalog/fetchImage?image_id=1234","CompressionType":"","DataType":"image/jpg","DownloadTime":0,"EventId":0,"HttpStatus":200,"Size":0},{"URL":"http://www.advantageonlineshopping.com/catalog/fetchImage?image_id=1238","CompressionType":"","DataType":"image/png","DownloadTime":0,"EventId":0,"HttpStatus":200,"Size":0},{"URL":"http://www.advantageonlineshopping.com/catalog/fetchImage?image_id=1235","CompressionType":"","DataType":"image/jpg","DownloadTime":0,"EventId":0,"HttpStatus":200,"Size":0},{"URL":"http://www.advantageonlineshopping.com/catalog/fetchImage?image_id=1236","CompressionType":"","DataType":"image/jpg","DownloadTime":0,"EventId":0,"HttpStatus":200,"Size":0},{"URL":"http://www.advantageonlineshopping.com/catalog/fetchImage?image_id=1237","CompressionType":"","DataType":"image/png","DownloadTime":0,"EventId":0,"HttpStatus":200,"Size":0},{"URL":"http://www.advantageonlineshopping.com/css/images/Special-offer.jpg","CompressionType":"","DataType":"image/jpeg","DownloadTime":0,"EventId":0,"HttpStatus":200,"Size":80826},{"URL":"http://www.advantageonlineshopping.com/css/images/chat_logo.png","CompressionType":"","DataType":"image/png","DownloadTime":0,"EventId":0,"HttpStatus":200,"Size":3003},{"URL":"http://www.advantageonlineshopping.com/css/images/GoUp.png","CompressionType":"","DataType":"image/png","DownloadTime":0,"EventId":0,"HttpStatus":200,"Size":2114},{"URL":"http://www.advantageonlineshopping.com/css/images/facebook.png","CompressionType":"","DataType":"image/png","DownloadTime":0,"EventId":0,"HttpStatus":200,"Size":1583},{"URL":"http://www.advantageonlineshopping.com/css/images/twitter.png","CompressionType":"","DataType":"image/png","DownloadTime":0,"EventId":0,"HttpStatus":200,"Size":2064},{"URL":"http://www.advantageonlineshopping.com/css/images/linkedin.png","CompressionType":"","DataType":"image/png","DownloadTime":0,"EventId":0,"HttpStatus":200,"Size":1707},{"URL":"http://www.advantageonlineshopping.com/css/images/Banner1.jpg","CompressionType":"","DataType":"image/jpeg","DownloadTime":0,"EventId":0,"HttpStatus":200,"Size":496378},{"URL":"http://www.advantageonlineshopping.com/css/images/Banner2.jpg","CompressionType":"","DataType":"image/jpeg","DownloadTime":0,"EventId":0,"HttpStatus":200,"Size":85091},{"URL":"http://www.advantageonlineshopping.com/css/images/Banner3.jpg","CompressionType":"","DataType":"image/jpeg","DownloadTime":0,"EventId":0,"HttpStatus":200,"Size":68456},{"URL":"http://www.advantageonlineshopping.com/css/images/Popular-item3.jpg","CompressionType":"","DataType":"image/jpeg","DownloadTime":0,"EventId":0,"HttpStatus":200,"Size":25978},{"URL":"http://www.advantageonlineshopping.com/css/images/Popular-item2.jpg","CompressionType":"","DataType":"image/jpeg","DownloadTime":0,"EventId":0,"HttpStatus":200,"Size":28087},{"URL":"http://www.advantageonlineshopping.com/css/images/Popular-item1.jpg","CompressionType":"","DataType":"image/jpeg","DownloadTime":0,"EventId":0,"HttpStatus":200,"Size":42737},{"URL":"http://www.advantageonlineshopping.com/css/fonts/roboto_thin_macroman/Roboto-Thin-webfont.woff","CompressionType":"","DataType":"font/woff","DownloadTime":0,"EventId":0,"HttpStatus":200,"Size":24944},{"URL":"http://www.advantageonlineshopping.com/catalog/api/v1/categories/attributes","CompressionType":"gzip","DataType":"application/json","DownloadTime":0,"EventId":0,"HttpStatus":200,"Size":0},{"URL":"http://www.advantageonlineshopping.com/css/images/category_banner_2.png","CompressionType":"","DataType":"image/png","DownloadTime":0,"EventId":0,"HttpStatus":200,"Size":331183},{"URL":"http://www.advantageonlineshopping.com/css/images/Filter.png","CompressionType":"","DataType":"image/png","DownloadTime":0,"EventId":0,"HttpStatus":200,"Size":1415},{"URL":"http://www.advantageonlineshopping.com/catalog/fetchImage?image_id=2200","CompressionType":"","DataType":"image/jpg","DownloadTime":0,"EventId":0,"HttpStatus":200,"Size":0},{"URL":"http://www.advantageonlineshopping.com/catalog/fetchImage?image_id=2300","CompressionType":"","DataType":"image/png","DownloadTime":0,"EventId":0,"HttpStatus":200,"Size":0},{"URL":"http://www.advantageonlineshopping.com/catalog/fetchImage?image_id=2100","CompressionType":"","DataType":"image/jpg","DownloadTime":0,"EventId":0,"HttpStatus":200,"Size":0},{"URL":"http://www.advantageonlineshopping.com/catalog/fetchImage?image_id=2400","CompressionType":"","DataType":"image/jpg","DownloadTime":0,"EventId":0,"HttpStatus":200,"Size":0},{"URL":"http://www.advantageonlineshopping.com/catalog/api/v1/MostPopularComments","CompressionType":"gzip","DataType":"application/json","DownloadTime":0,"EventId":0,"HttpStatus":200,"Size":0},{"URL":"http://www.advantageonlineshopping.com/css/images/review_right.png","CompressionType":"","DataType":"image/png","DownloadTime":0,"EventId":0,"HttpStatus":200,"Size":1075},{"URL":"http://www.advantageonlineshopping.com/css/images/reviewUser.png","CompressionType":"","DataType":"image/png","DownloadTime":0,"EventId":0,"HttpStatus":200,"Size":1542},{"URL":"http://www.advantageonlineshopping.com/css/images/review_Left_disabled.png","CompressionType":"","DataType":"image/png","DownloadTime":0,"EventId":0,"HttpStatus":200,"Size":1087},{"URL":"http://www.advantageonlineshopping.com/accountservice/GetAccountConfigurationRequest","CompressionType":"","DataType":"text/xml","DownloadTime":0,"EventId":0,"HttpStatus":200,"Size":820},{"URL":"http://www.advantageonlineshopping.com/accountservice/GetAccountConfigurationRequest","CompressionType":"","DataType":"text/xml","DownloadTime":0,"EventId":0,"HttpStatus":200,"Size":820},{"URL":"http://www.advantageonlineshopping.com/app/tempFiles/popularProducts.json","CompressionType":"gzip","DataType":"application/json","DownloadTime":0,"EventId":0,"HttpStatus":200,"Size":0},{"URL":"http://www.advantageonlineshopping.com/app/views/home-page.html","CompressionType":"gzip","DataType":"text/html","DownloadTime":0,"EventId":0,"HttpStatus":200,"Size":0},{"URL":"http://www.advantageonlineshopping.com/app/views/category-page.html","CompressionType":"","DataType":"text/html","DownloadTime":0,"EventId":0,"HttpStatus":200,"Size":1915},{"URL":"http://www.advantageonlineshopping.com/app/views/product-page.html","CompressionType":"gzip","DataType":"text/html","DownloadTime":0,"EventId":0,"HttpStatus":200,"Size":0}],"SSLCipher":"None","SSLVersion":"None"}],"IncludeInScript":true}],"WebSocket":{"IncludeInScript":false,"IsScriptIncludeWebSocket":false},"NumberOfCorrelations":0}
